,Epochs,IndiaBulls Profit
0,1,82.90000000000327
1,2,243.1500000000051
2,3,243.1500000000051
